Timestamp,Name,PriceUSD,Change24h_Percent,MarketCapUSD
2025-10-17 20:35:53,BTC,105262.61,4.84,2098511796700.0
2025-10-17 20:35:53,ETH,3766.43,5.83,454603212519.0
2025-10-17 20:35:53,USDT,1.0,0.05,181588308371.0
2025-10-17 20:35:53,BNB,1058.71,9.75,147352940835.0
2025-10-17 20:35:53,XRP,2.26,5.76,135970553305.0
2025-10-17 20:35:53,SOL,179.08,7.59,97931763525.0
2025-10-17 20:35:53,USDC,0.9999,0.04,75969569850.0
2025-10-17 20:35:53,TRX,0.3062,4.95,28986237187.0
2025-10-17 20:35:53,DOGE,0.1821,6.66,27576168208.0
2025-10-17 20:35:53,ADA,0.6165,7.9,22097157627.0
2025-10-17 20:35:53,USDe,0.9997,0.02,12297447605.0
2025-10-17 20:35:53,HYPE,34.16,10.89,11502041574.0
2025-10-17 20:35:53,LINK,16.39,9.61,11120271982.0
2025-10-17 20:35:53,XLM,0.3004,7.42,9615755789.0
2025-10-17 20:35:53,BCH,460.92,11.35,9190996197.0
2025-10-17 20:35:53,LEO,9.39,2.76,8662281186.0
2025-10-17 20:35:53,SUI,2.38,10.09,8648291276.0
2025-10-17 20:35:53,AVAX,19.68,9.8,8396392913.0
2025-10-17 20:35:53,LTC,88.62,6.63,6772424929.0
2025-10-17 20:35:53,HBAR,0.159,11.62,6744806694.0
2025-10-17 20:38:42,BTC,105427.88,4.44,2098511796700.0
2025-10-17 20:38:42,ETH,3761.96,6.04,454063757212.0
2025-10-17 20:38:42,USDT,1.0,0.09,181571681337.0
2025-10-17 20:38:42,BNB,1058.86,9.73,147373343917.0
2025-10-17 20:38:42,XRP,2.26,5.79,135931261891.0
2025-10-17 20:38:42,SOL,179.07,7.6,97925668962.0
2025-10-17 20:38:42,USDC,0.9998,0.01,75962042540.0
2025-10-17 20:38:42,TRX,0.3062,4.93,28991230265.0
2025-10-17 20:38:42,DOGE,0.1821,6.66,27574396405.0
2025-10-17 20:38:42,ADA,0.6165,7.9,22096155496.0
2025-10-17 20:38:42,USDe,0.9997,0.02,12297447605.0
2025-10-17 20:38:42,HYPE,34.16,10.89,11502041574.0
2025-10-17 20:38:42,LINK,16.39,9.61,11120271982.0
2025-10-17 20:38:42,XLM,0.3004,7.42,9615755789.0
2025-10-17 20:38:42,BCH,460.92,11.35,9190996197.0
2025-10-17 20:38:42,LEO,9.39,2.76,8662281186.0
2025-10-17 20:38:42,SUI,2.38,10.09,8648291276.0
2025-10-17 20:38:42,AVAX,19.68,9.8,8396392913.0
2025-10-17 20:38:42,LTC,88.62,6.63,6772424929.0
2025-10-17 20:38:42,HBAR,0.159,11.62,6744806694.0
2025-10-18 19:27:47,BTC,106879.23,1.19,2131115881907.0
2025-10-18 19:27:47,ETH,3865.89,2.15,466608048524.0
2025-10-18 19:27:47,USDT,1.0,0.01,181730820428.0
2025-10-18 19:27:47,BNB,1088.32,2.02,151474293034.0
2025-10-18 19:27:47,XRP,2.36,3.73,141665227219.0
2025-10-18 19:27:47,SOL,185.3,3.01,101353584795.0
2025-10-18 19:27:47,USDC,0.9999,0.02,75964770006.0
2025-10-18 19:27:47,TRX,0.313,1.89,29634815725.0
2025-10-18 19:27:47,DOGE,0.187,2.5,28326816655.0
2025-10-18 19:27:47,ADA,0.6311,2.62,22622050909.0
2025-10-18 19:27:47,USDe,0.9995,0.02,12150672435.0
2025-10-18 19:27:47,HYPE,35.19,0.39,11848734131.0
2025-10-18 19:27:47,LINK,16.72,1.5,11341135860.0
2025-10-18 19:27:47,XLM,0.3161,4.83,10116092779.0
2025-10-18 19:27:47,BCH,466.14,1.17,9295234888.0
2025-10-18 19:27:47,SUI,2.46,3.14,8950425932.0
2025-10-18 19:27:47,LEO,9.41,0.09,8685424605.0
2025-10-18 19:27:47,AVAX,19.98,1.12,8524278041.0
2025-10-18 19:27:47,HBAR,0.1649,2.9,6995832680.0
2025-10-18 19:27:47,LTC,90.39,2.44,6908022932.0
2025-10-19 19:04:21,BTC,107569.39,0.5,2142941729475.0
2025-10-19 19:04:21,ETH,3926.62,1.31,462244615638.0
2025-10-19 19:04:21,USDT,1.0,0.03,181899089825.0
2025-10-19 19:04:21,BNB,1094.89,0.05,152388964296.0
2025-10-19 19:04:21,XRP,2.38,0.61,142756940713.0
2025-10-19 19:04:21,SOL,188.77,1.79,103249484713.0
2025-10-19 19:04:21,USDC,0.9998,0.02,75937654978.0
2025-10-19 19:04:21,TRX,0.318,1.55,30112370853.0
2025-10-19 19:04:21,DOGE,0.1952,4.5,29560372554.0
2025-10-19 19:04:21,ADA,0.6446,1.76,23103498361.0
2025-10-19 19:04:21,HYPE,37.39,5.97,12589188425.0
2025-10-19 19:04:21,USDe,0.9996,0.01,12085019235.0
2025-10-19 19:04:21,LINK,17.16,2.58,11640857134.0
2025-10-19 19:04:21,XLM,0.3159,0.06,10110353967.0
2025-10-19 19:04:21,BCH,472.34,1.17,9419053283.0
2025-10-19 19:04:21,SUI,2.59,5.17,9396049477.0
2025-10-19 19:04:21,AVAX,20.47,2.24,8733662442.0
2025-10-19 19:04:21,LEO,9.43,0.21,8703195958.0
2025-10-19 19:04:21,LTC,93.12,2.76,7116738855.0
2025-10-19 19:04:21,HBAR,0.1674,1.33,7102866194.0
2025-10-19 19:08:47,BTC,107593.87,0.56,2142941729475.0
2025-10-19 19:08:47,ETH,3935.71,1.73,462244615638.0
2025-10-19 19:08:47,USDT,1.0,0.03,181899089825.0
2025-10-19 19:08:47,BNB,1094.89,0.05,152388964296.0
2025-10-19 19:08:47,XRP,2.37,0.12,142360463916.0
2025-10-19 19:08:47,SOL,188.77,1.79,103249484713.0
2025-10-19 19:08:47,USDC,0.9998,0.02,75937654978.0
2025-10-19 19:08:47,TRX,0.318,1.55,30112370853.0
2025-10-19 19:08:47,DOGE,0.1945,3.92,29455083604.0
2025-10-19 19:08:47,ADA,0.6446,1.76,23103498361.0
2025-10-19 19:08:47,HYPE,37.39,5.97,12589188425.0
2025-10-19 19:08:47,USDe,0.9996,0.01,12085019235.0
2025-10-19 19:08:47,LINK,17.16,2.58,11640857134.0
2025-10-19 19:08:47,XLM,0.3159,0.06,10110353967.0
2025-10-19 19:08:47,BCH,472.34,1.17,9419053283.0
2025-10-19 19:08:47,SUI,2.59,5.17,9396049477.0
2025-10-19 19:08:47,AVAX,20.47,2.24,8733662442.0
2025-10-19 19:08:47,LEO,9.43,0.21,8703195958.0
2025-10-19 19:08:47,LTC,93.12,2.76,7116738855.0
2025-10-19 19:08:47,HBAR,0.1674,1.33,7102866194.0
2025-10-19 19:13:50,BTC,107739.04,0.74,2146822717934.0
2025-10-19 19:13:50,ETH,3941.88,2.01,463836634133.0
2025-10-19 19:13:50,USDT,1.0,0.06,181916828328.0
2025-10-19 19:13:50,BNB,1098.56,0.83,152899454050.0
2025-10-19 19:13:50,XRP,2.38,0.83,142959897443.0
2025-10-19 19:13:50,SOL,189.6,2.27,103706703967.0
2025-10-19 19:13:50,USDC,1.0,0.02,75964968527.0
2025-10-19 19:13:50,TRX,0.3185,1.73,30156880964.0
2025-10-19 19:13:50,DOGE,0.1953,4.54,29573938925.0
2025-10-19 19:13:50,ADA,0.6476,2.45,23214158021.0
2025-10-19 19:13:50,HYPE,37.68,6.87,12688378094.0
2025-10-19 19:13:50,USDe,0.9995,0.01,12083700332.0
2025-10-19 19:13:50,LINK,17.25,3.25,11700077033.0
2025-10-19 19:13:50,XLM,0.3174,0.59,10158704620.0
2025-10-19 19:13:50,SUI,2.6,6.06,9463021357.0
2025-10-19 19:13:50,BCH,473.57,1.59,9443521863.0
2025-10-19 19:13:50,AVAX,20.54,2.73,8762607782.0
2025-10-19 19:13:50,LEO,9.43,0.21,8703546159.0
2025-10-19 19:13:50,LTC,93.59,3.46,7152569005.0
2025-10-19 19:13:50,HBAR,0.1681,1.84,7128440256.0
2025-10-19 19:18:51,BTC,107838.3,0.89,2147903805837.0
2025-10-19 19:18:51,ETH,3948.97,2.29,464927451054.0
2025-10-19 19:18:51,USDT,1.0,0.02,181901382387.0
2025-10-19 19:18:51,BNB,1100.3,1.2,153140699527.0
2025-10-19 19:18:51,XRP,2.38,1.03,143063762989.0
2025-10-19 19:18:51,SOL,189.71,2.55,103763027827.0
2025-10-19 19:18:51,USDC,1.0,0.05,75983319416.0
2025-10-19 19:18:51,TRX,0.3186,1.86,30161782037.0
2025-10-19 19:18:51,DOGE,0.1953,4.74,29585902237.0
2025-10-19 19:18:51,ADA,0.648,2.72,23227539029.0
2025-10-19 19:18:51,HYPE,37.79,7.3,12726091713.0
2025-10-19 19:18:51,USDe,0.9997,0.01,12085095806.0
2025-10-19 19:18:51,LINK,17.27,3.6,11716005365.0
2025-10-19 19:18:51,XLM,0.3176,0.75,10164994314.0
2025-10-19 19:18:51,SUI,2.61,6.44,9481162592.0
2025-10-19 19:18:51,BCH,474.15,1.78,9455060295.0
2025-10-19 19:18:51,AVAX,20.57,3.01,8773649597.0
2025-10-19 19:18:51,LEO,9.43,0.21,8703230339.0
2025-10-19 19:18:51,LTC,93.69,3.71,7160201663.0
2025-10-19 19:18:51,HBAR,0.1683,2.16,7137647705.0
2025-10-19 19:23:06,BTC,107905.78,0.96,2149538646183.0
2025-10-19 19:23:06,ETH,3955.05,2.38,465514799956.0
2025-10-19 19:23:06,USDT,1.0,0.0,181938338004.0
2025-10-19 19:23:06,BNB,1102.37,1.24,153429507930.0
2025-10-19 19:23:06,XRP,2.39,1.22,143431052492.0
2025-10-19 19:23:06,SOL,190.2,2.76,104035366712.0
2025-10-19 19:23:06,USDC,0.9999,0.01,75953068644.0
2025-10-19 19:23:06,TRX,0.3186,1.84,30167811743.0
2025-10-19 19:23:06,DOGE,0.1961,4.85,29705823077.0
2025-10-19 19:23:06,ADA,0.6492,2.89,23271078803.0
2025-10-19 19:23:06,HYPE,37.93,7.72,12770659767.0
2025-10-19 19:23:06,USDe,0.9996,0.02,12084496507.0
2025-10-19 19:23:06,LINK,17.31,3.75,11741870395.0
2025-10-19 19:23:06,XLM,0.3183,0.89,10188188559.0
2025-10-19 19:23:06,SUI,2.61,6.41,9493282437.0
2025-10-19 19:23:06,BCH,475.01,2.01,9472337097.0
2025-10-19 19:23:06,AVAX,20.6,3.22,8787841555.0
2025-10-19 19:23:06,LEO,9.43,0.16,8699949660.0
2025-10-19 19:23:06,LTC,93.85,3.81,7172538290.0
2025-10-19 19:23:06,HBAR,0.1687,2.38,7156953728.0
2025-10-21 12:15:03,BTC,108004.64,2.93,2153412286808.0
2025-10-21 12:15:03,ETH,3887.94,4.63,469392767984.0
2025-10-21 12:15:03,USDT,1.0,0.0,181998314253.0
2025-10-21 12:15:03,BNB,1073.44,5.56,149402282103.0
2025-10-21 12:15:03,XRP,2.43,1.32,145967360417.0
2025-10-21 12:15:03,SOL,184.71,4.73,100952690251.0
2025-10-21 12:15:03,USDC,0.9999,0.0,76271818422.0
2025-10-21 12:15:03,TRX,0.3202,0.87,30320285869.0
2025-10-21 12:15:03,DOGE,0.1943,3.93,29426441785.0
2025-10-21 12:15:03,ADA,0.6444,4.42,23097607767.0
2025-10-21 12:15:03,LINK,17.82,4.41,12088809536.0
2025-10-21 12:15:03,HYPE,35.88,6.85,12080267864.0
2025-10-21 12:15:03,USDe,0.999,0.04,11670320720.0
2025-10-21 12:15:03,XLM,0.3166,3.37,10133257502.0
2025-10-21 12:15:03,BCH,467.85,3.32,9329800938.0
2025-10-21 12:15:03,SUI,2.49,6.39,9046978718.0
2025-10-21 12:15:03,AVAX,19.65,6.89,8382486906.0
2025-10-21 12:15:03,LEO,8.97,5.01,8280874041.0
2025-10-21 12:15:03,HBAR,0.1703,4.35,7224356202.0
2025-10-21 12:15:03,LTC,92.61,3.14,7078412196.0
2025-10-21 12:17:03,BTC,108004.64,2.93,2153412286808.0
2025-10-21 12:17:03,ETH,3887.94,4.63,469392767984.0
2025-10-21 12:17:03,USDT,1.0,0.0,181998314253.0
2025-10-21 12:17:03,BNB,1073.44,5.56,149402282103.0
2025-10-21 12:17:03,XRP,2.43,1.32,145967360417.0
2025-10-21 12:17:03,SOL,184.71,4.73,100952690251.0
2025-10-21 12:17:03,USDC,0.9999,0.0,76271818422.0
2025-10-21 12:17:03,TRX,0.3202,0.87,30320285869.0
2025-10-21 12:17:03,DOGE,0.1943,3.93,29426441785.0
2025-10-21 12:17:03,ADA,0.6444,4.42,23097607767.0
2025-10-21 12:17:03,LINK,17.82,4.41,12088809536.0
2025-10-21 12:17:03,HYPE,35.88,6.85,12080267864.0
2025-10-21 12:17:03,USDe,0.999,0.04,11670320720.0
2025-10-21 12:17:03,XLM,0.3166,3.37,10133257502.0
2025-10-21 12:17:03,BCH,467.85,3.32,9329800938.0
2025-10-21 12:17:03,SUI,2.49,6.39,9046978718.0
2025-10-21 12:17:03,AVAX,19.65,6.89,8382486906.0
2025-10-21 12:17:03,LEO,8.97,5.01,8280874041.0
2025-10-21 12:17:03,HBAR,0.1703,4.35,7224356202.0
2025-10-21 12:17:03,LTC,92.61,3.14,7078412196.0
2025-10-21 12:19:28,BTC,107947.31,3.03,2153281971013.0
2025-10-21 12:19:28,ETH,3885.43,4.82,469373168957.0
2025-10-21 12:19:28,USDT,1.0,0.01,181991073301.0
2025-10-21 12:19:28,BNB,1074.23,5.49,149511958158.0
2025-10-21 12:19:28,XRP,2.43,1.33,145984802311.0
2025-10-21 12:19:28,SOL,184.76,4.62,100979546659.0
2025-10-21 12:19:28,USDC,0.9999,0.0,76273576902.0
2025-10-21 12:19:28,TRX,0.3203,0.8,30328709318.0
2025-10-21 12:19:28,DOGE,0.1944,3.89,29440257570.0
2025-10-21 12:19:28,ADA,0.6447,4.41,23108988415.0
2025-10-21 12:19:28,LINK,17.85,4.65,12108650183.0
2025-10-21 12:19:28,HYPE,35.87,6.84,12079859008.0
2025-10-21 12:19:28,USDe,0.9993,0.03,11632094396.0
2025-10-21 12:19:28,XLM,0.3166,3.41,10134023197.0
2025-10-21 12:19:28,BCH,467.9,3.29,9330860974.0
2025-10-21 12:19:28,SUI,2.49,6.38,9052803115.0
2025-10-21 12:19:28,AVAX,19.65,6.98,8384923230.0
2025-10-21 12:19:28,LEO,8.97,5.03,8280765296.0
2025-10-21 12:19:28,HBAR,0.1705,4.23,7230343204.0
2025-10-21 12:19:28,LTC,92.72,3.11,7086887543.0
2025-10-22 09:11:01,BTC,108139.59,1.31,2157435421478.0
2025-10-22 09:11:01,ETH,3852.54,2.24,465554621045.0
2025-10-22 09:11:01,USDT,1.0,0.0,182471886720.0
2025-10-22 09:11:01,BNB,1070.48,1.23,148990925848.0
2025-10-22 09:11:01,XRP,2.42,1.41,145238091663.0
2025-10-22 09:11:01,SOL,185.94,0.25,101628636097.0
2025-10-22 09:11:01,USDC,0.9997,0.01,76779140435.0
2025-10-22 09:11:01,TRX,0.3226,0.4,30541341567.0
2025-10-22 09:11:01,DOGE,0.1937,1.6,29339892756.0
2025-10-22 09:11:01,ADA,0.6405,1.87,22962941472.0
2025-10-22 09:11:01,LINK,17.62,3.69,11953087269.0
2025-10-22 09:11:01,HYPE,35.26,5.1,11874216394.0
2025-10-22 09:11:01,USDe,0.9994,0.02,11362922106.0
2025-10-22 09:11:01,XLM,0.3131,2.14,10021656756.0
2025-10-22 09:11:01,BCH,482.63,1.66,9624872290.0
2025-10-22 09:11:01,SUI,2.47,2.46,8963876811.0
2025-10-22 09:11:01,AVAX,19.43,2.47,8289932167.0
2025-10-22 09:11:01,LEO,8.96,0.13,8271901562.0
2025-10-22 09:11:01,HBAR,0.1708,1.1,7243118528.0
2025-10-22 09:11:01,LTC,92.84,0.5,7096134347.0
2025-10-22 09:22:37,BTC,108080.78,1.3,2155025968498.0
2025-10-22 09:22:37,ETH,3854.16,2.07,465126016688.0
2025-10-22 09:22:37,USDT,1.0,0.01,182490980331.0
2025-10-22 09:22:37,BNB,1067.87,1.6,148627715102.0
2025-10-22 09:22:37,XRP,2.41,1.73,145017967243.0
2025-10-22 09:22:37,SOL,184.85,0.77,101029410557.0
2025-10-22 09:22:37,USDC,0.9999,0.0,76791524495.0
2025-10-22 09:22:37,TRX,0.3225,0.37,30535144475.0
2025-10-22 09:22:37,DOGE,0.1931,1.9,29259392185.0
2025-10-22 09:22:37,ADA,0.6396,2.03,22932824518.0
2025-10-22 09:22:37,LINK,17.58,3.7,11921551234.0
2025-10-22 09:22:37,HYPE,35.13,5.56,11830142196.0
2025-10-22 09:22:37,USDe,0.9995,0.02,11363903586.0
2025-10-22 09:22:37,XLM,0.3128,2.25,10012726779.0
2025-10-22 09:22:37,BCH,482.58,1.8,9623863693.0
2025-10-22 09:22:37,SUI,2.46,2.69,8937508585.0
2025-10-22 09:22:37,AVAX,19.39,2.6,8275087963.0
2025-10-22 09:22:37,LEO,8.96,0.07,8271380582.0
2025-10-22 09:22:37,HBAR,0.1704,1.36,7226378019.0
2025-10-22 09:22:37,LTC,92.91,0.45,7101569023.0
2025-10-22 09:27:31,BTC,108193.79,0.99,2157174244952.0
2025-10-22 09:27:31,ETH,3858.39,1.77,465702263451.0
2025-10-22 09:27:31,USDT,1.0,0.0,182499577920.0
2025-10-22 09:27:31,BNB,1069.54,1.26,148859741264.0
2025-10-22 09:27:31,XRP,2.42,1.45,145254731024.0
2025-10-22 09:27:31,SOL,185.33,0.39,101290854801.0
2025-10-22 09:27:31,USDC,0.9999,0.01,76793574610.0
2025-10-22 09:27:31,TRX,0.3227,0.44,30551830905.0
2025-10-22 09:27:31,DOGE,0.1938,1.47,29353390699.0
2025-10-22 09:27:31,ADA,0.6411,1.66,22986430007.0
2025-10-22 09:27:31,LINK,17.59,3.43,11933217630.0
2025-10-22 09:27:31,HYPE,35.19,5.35,11848451640.0
2025-10-22 09:27:31,USDe,0.9998,0.05,11366967529.0
2025-10-22 09:27:31,XLM,0.313,2.12,10018234045.0
2025-10-22 09:27:31,BCH,481.82,1.75,9608644970.0
2025-10-22 09:27:31,SUI,2.47,2.42,8955809687.0
2025-10-22 09:27:31,AVAX,19.42,2.33,8284695196.0
2025-10-22 09:27:31,LEO,8.97,0.0,8275869996.0
2025-10-22 09:27:31,HBAR,0.1707,0.99,7241764615.0
2025-10-22 09:27:31,LTC,92.95,0.16,7105241002.0
2025-10-22 09:31:00,BTC,108228.98,0.85,2157875968788.0
2025-10-22 09:31:00,ETH,3859.53,1.66,465838963484.0
2025-10-22 09:31:00,USDT,1.0,0.0,182489048254.0
2025-10-22 09:31:00,BNB,1068.46,1.31,148709581144.0
2025-10-22 09:31:00,XRP,2.42,1.38,145225302286.0
2025-10-22 09:31:00,SOL,185.28,0.34,101267259281.0
2025-10-22 09:31:00,USDC,0.9997,0.03,76779619115.0
2025-10-22 09:31:00,TRX,0.3227,0.49,30552217193.0
2025-10-22 09:31:00,DOGE,0.1938,1.48,29356532484.0
2025-10-22 09:31:00,ADA,0.6417,1.49,23006639827.0
2025-10-22 09:31:00,LINK,17.62,3.07,11950353718.0
2025-10-22 09:31:00,HYPE,35.19,5.35,11848451640.0
2025-10-22 09:31:00,USDe,0.9998,0.05,11366967529.0
2025-10-22 09:31:00,XLM,0.313,2.12,10018234045.0
2025-10-22 09:31:00,BCH,481.82,1.75,9608644970.0
2025-10-22 09:31:00,SUI,2.47,2.42,8955809687.0
2025-10-22 09:31:00,AVAX,19.42,2.33,8284695196.0
2025-10-22 09:31:00,LEO,8.97,0.0,8275869996.0
2025-10-22 09:31:00,HBAR,0.1707,0.99,7241764615.0
2025-10-22 09:31:00,LTC,92.95,0.16,7105241002.0
2025-10-22 09:33:50,BTC,108313.37,0.38,2159558385322.0
2025-10-22 09:33:50,ETH,3862.77,0.79,466230536921.0
2025-10-22 09:33:50,USDT,1.0,0.03,182520834448.0
2025-10-22 09:33:50,BNB,1068.54,1.21,148720451072.0
2025-10-22 09:33:50,XRP,2.42,1.17,145232329635.0
2025-10-22 09:33:50,SOL,185.34,0.02,101296801168.0
2025-10-22 09:33:50,USDC,1.0,0.02,76805669676.0
2025-10-22 09:33:50,TRX,0.3227,0.51,30550490381.0
2025-10-22 09:33:50,DOGE,0.1938,1.14,29358867238.0
2025-10-22 09:33:50,ADA,0.6418,1.27,23008996526.0
2025-10-22 09:33:50,LINK,17.62,2.77,11952333307.0
2025-10-22 09:33:50,HYPE,35.28,5.07,11880365356.0
2025-10-22 09:33:50,USDe,0.9995,0.02,11363225973.0
2025-10-22 09:33:50,XLM,0.313,2.04,10021202943.0
2025-10-22 09:33:50,BCH,481.65,1.7,9605238554.0
2025-10-22 09:33:50,SUI,2.47,2.35,8965808358.0
2025-10-22 09:33:50,AVAX,19.44,2.18,8292752368.0
2025-10-22 09:33:50,LEO,8.96,0.03,8271854523.0
2025-10-22 09:33:50,HBAR,0.1709,0.75,7248014590.0
2025-10-22 09:33:50,LTC,92.94,0.08,7104074163.0
2025-10-22 09:43:47,BTC,108522.32,0.16,2160469427179.0
2025-10-22 09:43:47,ETH,3873.34,0.18,466698533957.0
2025-10-22 09:43:47,USDT,1.0,0.06,182476610167.0
2025-10-22 09:43:47,BNB,1070.1,0.46,148937347138.0
2025-10-22 09:43:47,XRP,2.42,0.64,145445480185.0
2025-10-22 09:43:47,SOL,185.94,0.88,101625533489.0
2025-10-22 09:43:47,USDC,0.9997,0.04,76781610827.0
2025-10-22 09:43:47,TRX,0.3227,0.73,30556265467.0
2025-10-22 09:43:47,DOGE,0.1944,0.15,29451008829.0
2025-10-22 09:43:47,ADA,0.6433,0.47,23062869909.0
2025-10-22 09:43:47,LINK,17.68,2.03,11990376898.0
2025-10-22 09:43:47,HYPE,35.19,4.68,11851183567.0
2025-10-22 09:43:47,USDe,0.9995,0.04,11363831668.0
2025-10-22 09:43:47,XLM,0.3137,1.29,10041454401.0
2025-10-22 09:43:47,BCH,482.2,2.41,9616247867.0
2025-10-22 09:43:47,SUI,2.48,1.18,8992857800.0
2025-10-22 09:43:47,AVAX,19.51,0.83,8326186417.0
2025-10-22 09:43:47,LEO,8.96,0.12,8271669046.0
2025-10-22 09:43:47,HBAR,0.1716,0.3,7279607383.0
2025-10-22 09:43:47,LTC,93.14,0.83,7119399379.0
2025-10-22 09:53:54,BTC,108576.72,0.39,2164809094017.0
2025-10-22 09:53:54,ETH,3874.01,0.04,467587121794.0
2025-10-22 09:53:54,USDT,1.0,0.02,182524759826.0
2025-10-22 09:53:54,BNB,1073.31,0.04,149384078650.0
2025-10-22 09:53:54,XRP,2.42,0.15,145605130876.0
2025-10-22 09:53:54,SOL,185.53,0.8,101403972995.0
2025-10-22 09:53:54,USDC,1.0,0.0,76787888536.0
2025-10-22 09:53:54,TRX,0.3231,1.06,30587624779.0
2025-10-22 09:53:54,DOGE,0.1945,0.15,29462057616.0
2025-10-22 09:53:54,ADA,0.6435,0.29,23073313051.0
2025-10-22 09:53:54,LINK,17.73,1.29,12027094700.0
2025-10-22 09:53:54,HYPE,35.15,4.72,11835345822.0
2025-10-22 09:53:54,USDe,0.9995,0.02,11362997324.0
2025-10-22 09:53:54,XLM,0.3139,0.97,10047192565.0
2025-10-22 09:53:54,BCH,481.54,2.51,9603098885.0
2025-10-22 09:53:54,SUI,2.48,0.77,9000884771.0
2025-10-22 09:53:54,AVAX,19.52,0.69,8328579081.0
2025-10-22 09:53:54,LEO,8.96,0.12,8270513940.0
2025-10-22 09:53:54,HBAR,0.1717,0.55,7282872231.0
2025-10-22 09:53:54,LTC,93.16,1.0,7120845292.0
2025-10-22 10:04:01,BTC,108439.78,0.19,2162078805089.0
2025-10-22 10:04:01,ETH,3866.45,0.21,466671755458.0
2025-10-22 10:04:01,USDT,1.0,0.01,182495821727.0
2025-10-22 10:04:01,BNB,1072.53,0.2,149276266274.0
2025-10-22 10:04:01,XRP,2.42,0.37,145570952316.0
2025-10-22 10:04:01,SOL,185.59,0.69,101433628522.0
2025-10-22 10:04:01,USDC,0.9998,0.01,76769654917.0
2025-10-22 10:04:01,TRX,0.3229,1.04,30575615520.0
2025-10-22 10:04:01,DOGE,0.1944,0.09,29453966358.0
2025-10-22 10:04:01,ADA,0.643,0.49,23052247340.0
2025-10-22 10:04:01,LINK,17.73,1.3,12025159329.0
2025-10-22 10:04:01,HYPE,35.01,5.27,11790072643.0
2025-10-22 10:04:01,USDe,0.9995,0.03,11363788098.0
2025-10-22 10:04:01,XLM,0.3136,1.1,10039182478.0
2025-10-22 10:04:01,BCH,480.85,2.2,9589260522.0
2025-10-22 10:04:01,SUI,2.47,0.96,8989829168.0
2025-10-22 10:04:01,AVAX,19.5,0.89,8319215567.0
2025-10-22 10:04:01,LEO,8.96,0.08,8272885674.0
2025-10-22 10:04:01,HBAR,0.1717,0.46,7281733497.0
2025-10-22 10:04:01,LTC,92.98,0.67,7107244103.0
2025-10-22 10:14:08,BTC,108524.44,0.48,2164083753418.0
2025-10-22 10:14:08,ETH,3880.69,0.54,468393674634.0
2025-10-22 10:14:08,USDT,1.0,0.04,182527013373.0
2025-10-22 10:14:08,BNB,1074.12,0.32,149497625814.0
2025-10-22 10:14:08,XRP,2.43,0.03,145915565004.0
2025-10-22 10:14:08,SOL,186.13,1.21,101752729706.0
2025-10-22 10:14:08,USDC,1.0,0.01,76789373677.0
2025-10-22 10:14:08,TRX,0.3234,1.34,30619851465.0
2025-10-22 10:14:08,DOGE,0.1948,0.52,29513386180.0
2025-10-22 10:14:08,ADA,0.6443,0.32,23098950126.0
2025-10-22 10:14:08,LINK,17.82,0.04,12086478575.0
2025-10-22 10:14:08,HYPE,34.96,4.73,11771779456.0
2025-10-22 10:14:08,USDe,0.9997,0.04,11365547168.0
2025-10-22 10:14:08,XLM,0.3141,0.7,10054054952.0
2025-10-22 10:14:08,BCH,481.63,2.57,9604829660.0
2025-10-22 10:14:08,SUI,2.48,0.54,9002666464.0
2025-10-22 10:14:08,AVAX,19.53,0.49,8333084426.0
2025-10-22 10:14:08,LEO,8.96,0.08,8273327509.0
2025-10-22 10:14:08,HBAR,0.1718,0.86,7287047487.0
2025-10-22 10:14:08,LTC,93.19,1.08,7123125512.0
2025-10-22 10:24:16,BTC,108588.09,0.61,2164170807470.0
2025-10-22 10:24:16,ETH,3880.26,0.67,468366571639.0
2025-10-22 10:24:16,USDT,1.0,0.04,182511829322.0
2025-10-22 10:24:16,BNB,1074.9,0.75,149605335048.0
2025-10-22 10:24:16,XRP,2.43,0.55,146121075169.0
2025-10-22 10:24:16,SOL,186.08,1.23,101727242961.0
2025-10-22 10:24:16,USDC,0.9999,0.02,76779871765.0
2025-10-22 10:24:16,TRX,0.3235,1.55,30630399159.0
2025-10-22 10:24:16,DOGE,0.195,0.78,29542068379.0
2025-10-22 10:24:16,ADA,0.6444,0.37,23103364048.0
2025-10-22 10:24:16,LINK,17.82,0.08,12087521245.0
2025-10-22 10:24:16,HYPE,34.87,3.73,11742678515.0
2025-10-22 10:24:16,USDe,0.9995,0.02,11255369678.0
2025-10-22 10:24:16,XLM,0.3145,0.25,10069346489.0
2025-10-22 10:24:16,BCH,482.01,3.11,9612486141.0
2025-10-22 10:24:16,SUI,2.48,0.01,9013128783.0
2025-10-22 10:24:16,AVAX,19.56,0.02,8343595882.0
2025-10-22 10:24:16,LEO,8.96,0.07,8272320268.0
2025-10-22 10:24:16,HBAR,0.1721,1.58,7300936075.0
2025-10-22 10:24:16,LTC,93.43,1.56,7141757799.0
2025-10-22 10:34:23,BTC,108633.14,0.65,2165931150602.0
2025-10-22 10:34:23,ETH,3879.36,0.76,468232610321.0
2025-10-22 10:34:23,USDT,1.0,0.02,182500199502.0
2025-10-22 10:34:23,BNB,1073.2,0.78,149369332385.0
2025-10-22 10:34:23,XRP,2.43,0.57,146144097757.0
2025-10-22 10:34:23,SOL,185.75,1.05,101543890283.0
2025-10-22 10:34:23,USDC,0.9998,0.02,76770608552.0
2025-10-22 10:34:23,TRX,0.3235,1.73,30619815337.0
2025-10-22 10:34:23,DOGE,0.1949,0.96,29524527172.0
2025-10-22 10:34:23,ADA,0.6435,0.39,23070913303.0
2025-10-22 10:34:23,LINK,17.82,0.44,12085412175.0
2025-10-22 10:34:23,HYPE,34.85,3.57,11735092869.0
2025-10-22 10:34:23,USDe,0.9996,0.04,11256581854.0
2025-10-22 10:34:23,XLM,0.3146,0.0,10071195860.0
2025-10-22 10:34:23,BCH,483.25,3.54,9637152116.0
2025-10-22 10:34:23,SUI,2.48,0.3,9022166347.0
2025-10-22 10:34:23,AVAX,19.58,0.44,8355986928.0
2025-10-22 10:34:23,LEO,8.96,0.06,8272835407.0
2025-10-22 10:34:23,HBAR,0.1721,1.87,7301418549.0
2025-10-22 10:34:23,LTC,93.22,1.51,7125772873.0
2025-10-22 10:37:22,BTC,108631.8,0.67,2165937694778.0
2025-10-22 10:37:22,ETH,3879.87,0.67,468375163856.0
2025-10-22 10:37:22,USDT,1.0,0.04,182539543407.0
2025-10-22 10:37:22,BNB,1074.3,0.96,149522762150.0
2025-10-22 10:37:22,XRP,2.43,0.49,146147742730.0
2025-10-22 10:37:22,SOL,185.88,1.13,101619554481.0
2025-10-22 10:37:22,USDC,1.0,0.02,76796252470.0
2025-10-22 10:37:22,TRX,0.3235,1.74,30627483147.0
2025-10-22 10:37:22,DOGE,0.1949,0.86,29520109976.0
2025-10-22 10:37:22,ADA,0.644,0.58,23089590868.0
2025-10-22 10:37:22,LINK,17.81,0.33,12083406288.0
2025-10-22 10:37:22,HYPE,34.89,3.45,11749947254.0
2025-10-22 10:37:22,USDe,0.9997,0.05,11256903796.0
2025-10-22 10:37:22,XLM,0.3146,0.03,10071664933.0
2025-10-22 10:37:22,BCH,483.21,3.51,9636471761.0
2025-10-22 10:37:22,SUI,2.48,0.16,9016548380.0
2025-10-22 10:37:22,AVAX,19.61,0.49,8365942619.0
2025-10-22 10:37:22,LEO,8.96,0.06,8273616263.0
2025-10-22 10:37:22,HBAR,0.1721,1.85,7301150257.0
2025-10-22 10:37:22,LTC,93.17,1.38,7121994032.0
2025-10-22 10:37:40,BTC,108631.8,0.67,2165937694778.0
2025-10-22 10:37:40,ETH,3879.87,0.67,468375163856.0
2025-10-22 10:37:40,USDT,1.0,0.05,182549172411.0
2025-10-22 10:37:40,BNB,1074.3,0.96,149522762150.0
2025-10-22 10:37:40,XRP,2.43,0.49,146147742730.0
2025-10-22 10:37:40,SOL,185.88,1.13,101619554481.0
2025-10-22 10:37:40,USDC,1.0,0.03,76811376891.0
2025-10-22 10:37:40,TRX,0.3234,1.83,30623809879.0
2025-10-22 10:37:40,DOGE,0.1945,0.71,29472059766.0
2025-10-22 10:37:40,ADA,0.6433,0.57,23065726585.0
2025-10-22 10:37:40,LINK,17.81,0.52,12080003366.0
2025-10-22 10:37:40,HYPE,34.89,3.45,11749947254.0
2025-10-22 10:37:40,USDe,0.9997,0.05,11256903796.0
2025-10-22 10:37:40,XLM,0.3146,0.03,10071664933.0
2025-10-22 10:37:40,BCH,483.21,3.51,9636471761.0
2025-10-22 10:37:40,SUI,2.48,0.16,9016548380.0
2025-10-22 10:37:40,AVAX,19.61,0.49,8365942619.0
2025-10-22 10:37:40,LEO,8.96,0.06,8273616263.0
2025-10-22 10:37:40,HBAR,0.1721,1.85,7301150257.0
2025-10-22 10:37:40,LTC,93.17,1.38,7121994032.0
2025-10-22 11:22:18,BTC,108041.81,0.21,2153571927584.0
2025-10-22 11:22:18,ETH,3851.16,0.54,464677643175.0
2025-10-22 11:22:18,USDT,1.0,0.03,182502680209.0
2025-10-22 11:22:18,BNB,1067.41,0.03,148563815420.0
2025-10-22 11:22:18,XRP,2.39,1.25,143867998308.0
2025-10-22 11:22:18,SOL,184.34,0.26,100772839174.0
2025-10-22 11:22:18,USDC,0.9998,0.01,76812233470.0
2025-10-22 11:22:18,TRX,0.3224,1.28,30528027421.0
2025-10-22 11:22:18,DOGE,0.1914,1.24,28991565844.0
2025-10-22 11:22:18,ADA,0.6361,0.87,22808157569.0
2025-10-22 11:22:18,LINK,17.6,0.8,11939428856.0
2025-10-22 11:22:18,HYPE,34.69,2.59,11681966277.0
2025-10-22 11:22:18,USDe,0.9995,0.05,11232962382.0
2025-10-22 11:22:18,XLM,0.3115,1.17,9973121873.0
2025-10-22 11:22:18,BCH,477.48,2.33,9522045927.0
2025-10-22 11:22:18,SUI,2.41,2.61,8762980826.0
2025-10-22 11:22:18,AVAX,19.42,0.73,8286065025.0
2025-10-22 11:22:18,LEO,8.96,0.13,8267772618.0
2025-10-22 11:22:18,HBAR,0.1705,0.35,7233282929.0
2025-10-22 11:22:18,LTC,92.49,0.15,7070161551.0
2025-10-22 11:22:35,BTC,108250.05,0.56,2158299574822.0
2025-10-22 11:22:35,ETH,3864.37,0.08,466423684378.0
2025-10-22 11:22:35,USDT,1.0,0.05,182525573382.0
2025-10-22 11:22:35,BNB,1069.82,0.1,148898076750.0
2025-10-22 11:22:35,XRP,2.4,0.93,144154477060.0
2025-10-22 11:22:35,SOL,184.61,0.43,100922233018.0
2025-10-22 11:22:35,USDC,1.0,0.03,76832900476.0
2025-10-22 11:22:35,TRX,0.3232,1.53,30597560130.0
2025-10-22 11:22:35,DOGE,0.1917,1.01,29039640223.0
2025-10-22 11:22:35,ADA,0.6372,0.58,22847505782.0
2025-10-22 11:22:35,LINK,17.65,0.54,11972532773.0
2025-10-22 11:22:35,HYPE,34.69,2.59,11681966277.0
2025-10-22 11:22:35,USDe,0.9995,0.05,11232962382.0
2025-10-22 11:22:35,XLM,0.3115,1.17,9973121873.0
2025-10-22 11:22:35,BCH,477.48,2.33,9522045927.0
2025-10-22 11:22:35,SUI,2.41,2.61,8762980826.0
2025-10-22 11:22:35,AVAX,19.42,0.73,8286065025.0
2025-10-22 11:22:35,LEO,8.96,0.13,8267772618.0
2025-10-22 11:22:35,HBAR,0.1705,0.35,7233282929.0
2025-10-22 11:22:35,LTC,92.49,0.15,7070161551.0
2025-10-22 11:22:51,BTC,108041.81,0.21,2153571927584.0
2025-10-22 11:22:51,ETH,3851.16,0.54,464677643175.0
2025-10-22 11:22:51,USDT,1.0,0.03,182502680209.0
2025-10-22 11:22:51,BNB,1067.41,0.03,148563815420.0
2025-10-22 11:22:51,XRP,2.39,1.25,143867998308.0
2025-10-22 11:22:51,SOL,184.34,0.26,100772839174.0
2025-10-22 11:22:51,USDC,0.9998,0.01,76812233470.0
2025-10-22 11:22:51,TRX,0.3224,1.28,30528027421.0
2025-10-22 11:22:51,DOGE,0.1914,1.24,28991565844.0
2025-10-22 11:22:51,ADA,0.6361,0.87,22808157569.0
2025-10-22 11:22:51,LINK,17.6,0.8,11939428856.0
2025-10-22 11:22:51,HYPE,34.69,2.59,11681966277.0
2025-10-22 11:22:51,USDe,0.9995,0.05,11232962382.0
2025-10-22 11:22:51,XLM,0.3115,1.17,9973121873.0
2025-10-22 11:22:51,BCH,477.48,2.33,9522045927.0
2025-10-22 11:22:51,SUI,2.41,2.61,8762980826.0
2025-10-22 11:22:51,AVAX,19.42,0.73,8286065025.0
2025-10-22 11:22:51,LEO,8.96,0.13,8267772618.0
2025-10-22 11:22:51,HBAR,0.1705,0.35,7233282929.0
2025-10-22 11:22:51,LTC,92.49,0.15,7070161551.0
2025-10-22 11:23:08,BTC,108041.81,0.21,2153571927584.0
2025-10-22 11:23:08,ETH,3862.55,0.11,466203624382.0
2025-10-22 11:23:08,USDT,1.0,0.03,182502680209.0
2025-10-22 11:23:08,BNB,1067.41,0.03,148563815420.0
2025-10-22 11:23:08,XRP,2.39,1.25,143867998308.0
2025-10-22 11:23:08,SOL,184.61,0.43,100922233018.0
2025-10-22 11:23:08,USDC,0.9998,0.01,76812233470.0
2025-10-22 11:23:08,TRX,0.3224,1.28,30528027421.0
2025-10-22 11:23:08,DOGE,0.1914,1.24,28991565844.0
2025-10-22 11:23:08,ADA,0.6372,0.57,22847505782.0
2025-10-22 11:23:08,LINK,17.6,0.8,11939428856.0
2025-10-22 11:23:08,HYPE,34.69,2.59,11681966277.0
2025-10-22 11:23:08,USDe,0.9995,0.05,11232962382.0
2025-10-22 11:23:08,XLM,0.3115,1.17,9973121873.0
2025-10-22 11:23:08,BCH,477.48,2.33,9522045927.0
2025-10-22 11:23:08,SUI,2.41,2.61,8762980826.0
2025-10-22 11:23:08,AVAX,19.42,0.73,8286065025.0
2025-10-22 11:23:08,LEO,8.96,0.13,8267772618.0
2025-10-22 11:23:08,HBAR,0.1705,0.35,7233282929.0
2025-10-22 11:23:08,LTC,92.49,0.15,7070161551.0
2025-10-22 11:23:24,BTC,108041.81,0.21,2153571927584.0
2025-10-22 11:23:24,ETH,3851.16,0.54,464677643175.0
2025-10-22 11:23:24,USDT,1.0,0.03,182502680209.0
2025-10-22 11:23:24,BNB,1067.41,0.03,148563815420.0
2025-10-22 11:23:24,XRP,2.39,1.25,144154477060.0
2025-10-22 11:23:24,SOL,184.34,0.26,100772839174.0
2025-10-22 11:23:24,USDC,0.9998,0.01,76812233470.0
2025-10-22 11:23:24,TRX,0.3232,1.53,30597560130.0
2025-10-22 11:23:24,DOGE,0.1917,1.0,29039640223.0
2025-10-22 11:23:24,ADA,0.6361,0.87,22808157569.0
2025-10-22 11:23:24,LINK,17.6,0.8,11939428856.0
2025-10-22 11:23:24,HYPE,34.69,2.59,11681966277.0
2025-10-22 11:23:24,USDe,0.9995,0.05,11232962382.0
2025-10-22 11:23:24,XLM,0.3115,1.17,9973121873.0
2025-10-22 11:23:24,BCH,477.48,2.33,9522045927.0
2025-10-22 11:23:24,SUI,2.41,2.61,8762980826.0
2025-10-22 11:23:24,AVAX,19.42,0.73,8286065025.0
2025-10-22 11:23:24,LEO,8.96,0.13,8267772618.0
2025-10-22 11:23:24,HBAR,0.1705,0.35,7233282929.0
2025-10-22 11:23:24,LTC,92.49,0.15,7070161551.0
2025-10-22 11:23:40,BTC,108041.81,0.21,2153571927584.0
2025-10-22 11:23:40,ETH,3851.16,0.54,464677643175.0
2025-10-22 11:23:40,USDT,1.0,0.03,182502680209.0
2025-10-22 11:23:40,BNB,1067.41,0.03,148563815420.0
2025-10-22 11:23:40,XRP,2.39,1.25,143867998308.0
2025-10-22 11:23:40,SOL,184.34,0.26,100772839174.0
2025-10-22 11:23:40,USDC,0.9998,0.01,76812233470.0
2025-10-22 11:23:40,TRX,0.3224,1.28,30528027421.0
2025-10-22 11:23:40,DOGE,0.1914,1.24,28991565844.0
2025-10-22 11:23:40,ADA,0.6361,0.87,22808157569.0
2025-10-22 11:23:40,LINK,17.6,0.8,11939428856.0
2025-10-22 11:23:40,HYPE,34.69,2.59,11681966277.0
2025-10-22 11:23:40,USDe,0.9995,0.05,11232962382.0
2025-10-22 11:23:40,XLM,0.3115,1.17,9973121873.0
2025-10-22 11:23:40,BCH,477.48,2.33,9522045927.0
2025-10-22 11:23:40,SUI,2.41,2.61,8762980826.0
2025-10-22 11:23:40,AVAX,19.42,0.73,8286065025.0
2025-10-22 11:23:40,LEO,8.96,0.13,8267772618.0
2025-10-22 11:23:40,HBAR,0.1705,0.35,7233282929.0
2025-10-22 11:23:40,LTC,92.49,0.15,7070161551.0
2025-10-22 11:23:57,BTC,108041.81,0.21,2153571927584.0
2025-10-22 11:23:57,ETH,3851.16,0.54,464677643175.0
2025-10-22 11:23:57,USDT,1.0,0.03,182502680209.0
2025-10-22 11:23:57,BNB,1067.41,0.03,148563815420.0
2025-10-22 11:23:57,XRP,2.39,1.25,143867998308.0
2025-10-22 11:23:57,SOL,184.34,0.26,100772839174.0
2025-10-22 11:23:57,USDC,0.9998,0.01,76812233470.0
2025-10-22 11:23:57,TRX,0.3224,1.28,30528027421.0
2025-10-22 11:23:57,DOGE,0.1914,1.24,28991565844.0
2025-10-22 11:23:57,ADA,0.6361,0.87,22808157569.0
2025-10-22 11:23:57,LINK,17.6,0.8,11939428856.0
2025-10-22 11:23:57,HYPE,34.69,2.59,11681966277.0
2025-10-22 11:23:57,USDe,0.9995,0.05,11232962382.0
2025-10-22 11:23:57,XLM,0.3115,1.17,9973121873.0
2025-10-22 11:23:57,BCH,477.48,2.33,9522045927.0
2025-10-22 11:23:57,SUI,2.41,2.61,8762980826.0
2025-10-22 11:23:57,AVAX,19.42,0.73,8286065025.0
2025-10-22 11:23:57,LEO,8.96,0.13,8267772618.0
2025-10-22 11:23:57,HBAR,0.1705,0.35,7233282929.0
2025-10-22 11:23:57,LTC,92.49,0.15,7070161551.0
2025-10-22 11:24:13,BTC,108041.81,0.21,2153571927584.0
2025-10-22 11:24:13,ETH,3851.16,0.54,464677643175.0
2025-10-22 11:24:13,USDT,1.0,0.03,182502680209.0
2025-10-22 11:24:13,BNB,1067.41,0.03,148563815420.0
2025-10-22 11:24:13,XRP,2.39,1.25,143867998308.0
2025-10-22 11:24:13,SOL,184.34,0.26,100772839174.0
2025-10-22 11:24:13,USDC,0.9998,0.01,76812233470.0
2025-10-22 11:24:13,TRX,0.3224,1.28,30528027421.0
2025-10-22 11:24:13,DOGE,0.1914,1.24,28991565844.0
2025-10-22 11:24:13,ADA,0.6361,0.87,22808157569.0
2025-10-22 11:24:13,LINK,17.6,0.8,11939428856.0
2025-10-22 11:24:13,HYPE,34.69,2.59,11681966277.0
2025-10-22 11:24:13,USDe,0.9995,0.05,11232962382.0
2025-10-22 11:24:13,XLM,0.3115,1.17,9973121873.0
2025-10-22 11:24:13,BCH,477.48,2.33,9522045927.0
2025-10-22 11:24:13,SUI,2.41,2.61,8762980826.0
2025-10-22 11:24:13,AVAX,19.42,0.73,8286065025.0
2025-10-22 11:24:13,LEO,8.96,0.13,8267772618.0
2025-10-22 11:24:13,HBAR,0.1705,0.35,7233282929.0
2025-10-22 11:24:13,LTC,92.49,0.15,7070161551.0
2025-10-22 11:24:29,BTC,108041.81,0.21,2153571927584.0
2025-10-22 11:24:29,ETH,3851.16,0.54,464677643175.0
2025-10-22 11:24:29,USDT,1.0,0.03,182502680209.0
2025-10-22 11:24:29,BNB,1067.41,0.03,148563815420.0
2025-10-22 11:24:29,XRP,2.39,1.25,143867998308.0
2025-10-22 11:24:29,SOL,184.34,0.26,100772839174.0
2025-10-22 11:24:29,USDC,0.9998,0.01,76812233470.0
2025-10-22 11:24:29,TRX,0.3224,1.28,30528027421.0
2025-10-22 11:24:29,DOGE,0.1918,0.94,29056231510.0
2025-10-22 11:24:29,ADA,0.6361,0.87,22808157569.0
2025-10-22 11:24:29,LINK,17.6,0.8,11939428856.0
2025-10-22 11:24:29,HYPE,34.69,2.59,11681966277.0
2025-10-22 11:24:29,USDe,0.9995,0.05,11232962382.0
2025-10-22 11:24:29,XLM,0.3115,1.17,9973121873.0
2025-10-22 11:24:29,BCH,477.48,2.33,9522045927.0
2025-10-22 11:24:29,SUI,2.41,2.61,8762980826.0
2025-10-22 11:24:29,AVAX,19.42,0.73,8286065025.0
2025-10-22 11:24:29,LEO,8.96,0.13,8267772618.0
2025-10-22 11:24:29,HBAR,0.1705,0.35,7233282929.0
2025-10-22 11:24:29,LTC,92.49,0.15,7070161551.0
2025-10-22 11:24:45,BTC,108180.0,0.34,2156902913658.0
2025-10-22 11:24:45,ETH,3860.65,0.32,465975274968.0
2025-10-22 11:24:45,USDT,1.0,0.02,182495403232.0
2025-10-22 11:24:45,BNB,1067.55,0.19,148583017108.0
2025-10-22 11:24:45,XRP,2.39,1.28,143857668637.0
2025-10-22 11:24:45,SOL,184.34,0.15,100777548996.0
2025-10-22 11:24:45,USDC,1.0,0.05,76857376764.0
2025-10-22 11:24:45,TRX,0.3225,1.28,30530002830.0
2025-10-22 11:24:45,DOGE,0.1914,1.28,28990250414.0
2025-10-22 11:24:45,ADA,0.6362,0.91,22808873970.0
2025-10-22 11:24:45,LINK,17.6,0.93,11940943393.0
2025-10-22 11:24:45,HYPE,34.69,2.67,11682895858.0
2025-10-22 11:24:45,USDe,0.9995,0.05,11232950771.0
2025-10-22 11:24:45,XLM,0.3115,1.13,9972818180.0
2025-10-22 11:24:45,BCH,477.45,2.31,9521601618.0
2025-10-22 11:24:45,SUI,2.41,2.69,8762429273.0
2025-10-22 11:24:45,AVAX,19.42,0.76,8286158511.0
2025-10-22 11:24:45,LEO,8.96,0.13,8267769419.0
2025-10-22 11:24:45,HBAR,0.1705,0.33,7232087134.0
2025-10-22 11:24:45,LTC,92.5,0.09,7070194270.0
2025-10-22 11:25:01,BTC,108180.0,0.34,2156902913658.0
2025-10-22 11:25:01,ETH,3860.65,0.32,465975274968.0
2025-10-22 11:25:01,USDT,1.0,0.02,182495403232.0
2025-10-22 11:25:01,BNB,1067.55,0.19,148583017108.0
2025-10-22 11:25:01,XRP,2.39,1.28,143857668637.0
2025-10-22 11:25:01,SOL,184.34,0.15,100777548996.0
2025-10-22 11:25:01,USDC,1.0,0.05,76857376764.0
2025-10-22 11:25:01,TRX,0.3225,1.28,30530002830.0
2025-10-22 11:25:01,DOGE,0.1914,1.28,28990250414.0
2025-10-22 11:25:01,ADA,0.6362,0.91,22808873970.0
2025-10-22 11:25:01,LINK,17.6,0.93,11940943393.0
2025-10-22 11:25:01,HYPE,34.69,2.67,11682895858.0
2025-10-22 11:25:01,USDe,0.9995,0.05,11232950771.0
2025-10-22 11:25:01,XLM,0.3115,1.13,9972818180.0
2025-10-22 11:25:01,BCH,477.45,2.31,9521601618.0
2025-10-22 11:25:01,SUI,2.41,2.69,8762429273.0
2025-10-22 11:25:01,AVAX,19.42,0.76,8286158511.0
2025-10-22 11:25:01,LEO,8.96,0.13,8267769419.0
2025-10-22 11:25:01,HBAR,0.1705,0.33,7232087134.0
2025-10-22 11:25:01,LTC,92.5,0.09,7070194270.0
2025-10-22 11:25:18,BTC,108180.0,0.34,2156902913658.0
2025-10-22 11:25:18,ETH,3860.65,0.32,465975274968.0
2025-10-22 11:25:18,USDT,1.0,0.02,182495403232.0
2025-10-22 11:25:18,BNB,1067.55,0.19,148583017108.0
2025-10-22 11:25:18,XRP,2.39,1.28,143857668637.0
2025-10-22 11:25:18,SOL,184.34,0.15,100777548996.0
2025-10-22 11:25:18,USDC,1.0,0.05,76857376764.0
2025-10-22 11:25:18,TRX,0.3225,1.28,30530002830.0
2025-10-22 11:25:18,DOGE,0.1914,1.28,28990250414.0
2025-10-22 11:25:18,ADA,0.6362,0.91,22808873970.0
2025-10-22 11:25:18,LINK,17.6,0.93,11940943393.0
2025-10-22 11:25:18,HYPE,34.69,2.67,11682895858.0
2025-10-22 11:25:18,USDe,0.9995,0.05,11232950771.0
2025-10-22 11:25:18,XLM,0.3115,1.13,9972818180.0
2025-10-22 11:25:18,BCH,477.45,2.31,9521601618.0
2025-10-22 11:25:18,SUI,2.41,2.69,8762429273.0
2025-10-22 11:25:18,AVAX,19.42,0.76,8286158511.0
2025-10-22 11:25:18,LEO,8.96,0.13,8267769419.0
2025-10-22 11:25:18,HBAR,0.1705,0.33,7232087134.0
2025-10-22 11:25:18,LTC,92.5,0.09,7070194270.0
2025-10-22 11:25:34,BTC,108180.0,0.34,2156902913658.0
2025-10-22 11:25:34,ETH,3860.65,0.32,465975274968.0
2025-10-22 11:25:34,USDT,1.0,0.02,182495403232.0
2025-10-22 11:25:34,BNB,1067.55,0.19,148583017108.0
2025-10-22 11:25:34,XRP,2.39,1.28,143857668637.0
2025-10-22 11:25:34,SOL,184.34,0.15,100777548996.0
2025-10-22 11:25:34,USDC,1.0,0.05,76857376764.0
2025-10-22 11:25:34,TRX,0.3225,1.28,30530002830.0
2025-10-22 11:25:34,DOGE,0.1918,0.92,29051569427.0
2025-10-22 11:25:34,ADA,0.6362,0.91,22808873970.0
2025-10-22 11:25:34,LINK,17.6,0.93,11940943393.0
2025-10-22 11:25:34,HYPE,34.69,2.67,11682895858.0
2025-10-22 11:25:34,USDe,0.9995,0.05,11232950771.0
2025-10-22 11:25:34,XLM,0.3115,1.13,9972818180.0
2025-10-22 11:25:34,BCH,477.45,2.31,9521601618.0
2025-10-22 11:25:34,SUI,2.41,2.69,8762429273.0
2025-10-22 11:25:34,AVAX,19.42,0.76,8286158511.0
2025-10-22 11:25:34,LEO,8.96,0.13,8267769419.0
2025-10-22 11:25:34,HBAR,0.1705,0.33,7232087134.0
2025-10-22 11:25:34,LTC,92.5,0.09,7070194270.0
2025-10-22 11:25:50,BTC,108169.37,0.51,2156691138130.0
2025-10-22 11:25:50,ETH,3862.54,0.05,466203221377.0
2025-10-22 11:25:50,USDT,1.0,0.03,182501666533.0
2025-10-22 11:25:50,BNB,1070.08,0.15,148934606534.0
2025-10-22 11:25:50,XRP,2.4,0.88,144192180963.0
2025-10-22 11:25:50,SOL,184.6,0.4,100917924310.0
2025-10-22 11:25:50,USDC,0.9997,0.01,76809151968.0
2025-10-22 11:25:50,TRX,0.3232,1.54,30601315310.0
2025-10-22 11:25:50,DOGE,0.1918,0.92,29051197936.0
2025-10-22 11:25:50,ADA,0.6372,0.54,22845173422.0
2025-10-22 11:25:50,LINK,17.65,0.63,11968607324.0
2025-10-22 11:25:50,HYPE,34.69,2.67,11682895858.0
2025-10-22 11:25:50,USDe,0.9995,0.05,11232950771.0
2025-10-22 11:25:50,XLM,0.3115,1.13,9972818180.0
2025-10-22 11:25:50,BCH,477.45,2.31,9521601618.0
2025-10-22 11:25:50,SUI,2.41,2.69,8762429273.0
2025-10-22 11:25:50,AVAX,19.42,0.76,8286158511.0
2025-10-22 11:25:50,LEO,8.96,0.13,8267769419.0
2025-10-22 11:25:50,HBAR,0.1705,0.33,7232087134.0
2025-10-22 11:25:50,LTC,92.5,0.09,7070194270.0
2025-10-22 11:26:06,BTC,108180.0,0.34,2156902913658.0
2025-10-22 11:26:06,ETH,3860.65,0.32,465975274968.0
2025-10-22 11:26:06,USDT,1.0,0.02,182495403232.0
2025-10-22 11:26:06,BNB,1067.55,0.19,148583017108.0
2025-10-22 11:26:06,XRP,2.39,1.28,143857668637.0
2025-10-22 11:26:06,SOL,184.34,0.15,100777548996.0
2025-10-22 11:26:06,USDC,1.0,0.05,76857376764.0
2025-10-22 11:26:06,TRX,0.3225,1.28,30530002830.0
2025-10-22 11:26:06,DOGE,0.1914,1.28,28990250414.0
2025-10-22 11:26:06,ADA,0.6362,0.91,22808873970.0
2025-10-22 11:26:06,LINK,17.6,0.93,11940943393.0
2025-10-22 11:26:06,HYPE,34.69,2.67,11682895858.0
2025-10-22 11:26:06,USDe,0.9995,0.05,11232950771.0
2025-10-22 11:26:06,XLM,0.3115,1.13,9972818180.0
2025-10-22 11:26:06,BCH,477.45,2.31,9521601618.0
2025-10-22 11:26:06,SUI,2.41,2.69,8762429273.0
2025-10-22 11:26:06,AVAX,19.42,0.76,8286158511.0
2025-10-22 11:26:06,LEO,8.96,0.13,8267769419.0
2025-10-22 11:26:06,HBAR,0.1705,0.33,7232087134.0
2025-10-22 11:26:06,LTC,92.5,0.09,7070194270.0
2025-10-22 11:26:22,BTC,108180.0,0.34,2156902913658.0
2025-10-22 11:26:22,ETH,3862.18,0.07,466159248838.0
2025-10-22 11:26:22,USDT,1.0,0.02,182495403232.0
2025-10-22 11:26:22,BNB,1067.55,0.19,148583017108.0
2025-10-22 11:26:22,XRP,2.39,1.28,143857668637.0
2025-10-22 11:26:22,SOL,184.34,0.15,100777548996.0
2025-10-22 11:26:22,USDC,1.0,0.05,76857376764.0
2025-10-22 11:26:22,TRX,0.3225,1.28,30530002830.0
2025-10-22 11:26:22,DOGE,0.1914,1.28,28990250414.0
2025-10-22 11:26:22,ADA,0.6362,0.91,22808873970.0
2025-10-22 11:26:22,LINK,17.6,0.93,11940943393.0
2025-10-22 11:26:22,HYPE,34.69,2.67,11682895858.0
2025-10-22 11:26:22,USDe,0.9995,0.05,11232950771.0
2025-10-22 11:26:22,XLM,0.3115,1.13,9972818180.0
2025-10-22 11:26:22,BCH,477.45,2.31,9521601618.0
2025-10-22 11:26:22,SUI,2.41,2.69,8762429273.0
2025-10-22 11:26:22,AVAX,19.42,0.76,8286158511.0
2025-10-22 11:26:22,LEO,8.96,0.13,8267769419.0
2025-10-22 11:26:22,HBAR,0.1705,0.33,7232087134.0
2025-10-22 11:26:22,LTC,92.5,0.09,7070194270.0
2025-10-22 11:26:38,BTC,108180.0,0.34,2156902913658.0
2025-10-22 11:26:38,ETH,3860.65,0.32,465975274968.0
2025-10-22 11:26:38,USDT,1.0,0.03,182510374833.0
2025-10-22 11:26:38,BNB,1069.95,0.13,148916042545.0
2025-10-22 11:26:38,XRP,2.39,1.28,143857668637.0
2025-10-22 11:26:38,SOL,184.34,0.15,100777548996.0
2025-10-22 11:26:38,USDC,0.9999,0.01,76819547606.0
2025-10-22 11:26:38,TRX,0.3232,1.53,30598463219.0
2025-10-22 11:26:38,DOGE,0.1914,1.28,28990250414.0
2025-10-22 11:26:38,ADA,0.6371,0.57,22840912504.0
2025-10-22 11:26:38,LINK,17.64,0.65,11966734615.0
2025-10-22 11:26:38,HYPE,34.69,2.67,11682895858.0
2025-10-22 11:26:38,USDe,0.9995,0.05,11232950771.0
2025-10-22 11:26:38,XLM,0.3115,1.13,9972818180.0
2025-10-22 11:26:38,BCH,477.45,2.31,9521601618.0
2025-10-22 11:26:38,SUI,2.41,2.69,8762429273.0
2025-10-22 11:26:38,AVAX,19.42,0.76,8286158511.0
2025-10-22 11:26:38,LEO,8.96,0.13,8267769419.0
2025-10-22 11:26:38,HBAR,0.1705,0.33,7232087134.0
2025-10-22 11:26:38,LTC,92.5,0.09,7070194270.0
2025-10-22 11:26:54,BTC,108219.23,0.55,2156902913658.0
2025-10-22 11:26:54,ETH,3862.55,0.11,465975274968.0
2025-10-22 11:26:54,USDT,1.0,0.02,182495403232.0
2025-10-22 11:26:54,BNB,1067.55,0.19,148583017108.0
2025-10-22 11:26:54,XRP,2.39,1.28,143857668637.0
2025-10-22 11:26:54,SOL,184.34,0.15,100777548996.0
2025-10-22 11:26:54,USDC,1.0,0.05,76857376764.0
2025-10-22 11:26:54,TRX,0.3225,1.28,30530002830.0
2025-10-22 11:26:54,DOGE,0.1914,1.28,28990250414.0
2025-10-22 11:26:54,ADA,0.6362,0.91,22808873970.0
2025-10-22 11:26:54,LINK,17.6,0.93,11940943393.0
2025-10-22 11:26:54,HYPE,34.69,2.67,11682895858.0
2025-10-22 11:26:54,USDe,0.9995,0.05,11232950771.0
2025-10-22 11:26:54,XLM,0.3115,1.13,9972818180.0
2025-10-22 11:26:54,BCH,477.45,2.31,9521601618.0
2025-10-22 11:26:54,SUI,2.41,2.69,8762429273.0
2025-10-22 11:26:54,AVAX,19.42,0.76,8286158511.0
2025-10-22 11:26:54,LEO,8.96,0.13,8267769419.0
2025-10-22 11:26:54,HBAR,0.1705,0.33,7232087134.0
2025-10-22 11:26:54,LTC,92.5,0.09,7070194270.0
2025-10-22 11:27:11,BTC,108219.23,0.55,2156902913658.0
2025-10-22 11:27:11,ETH,3862.55,0.11,465975274968.0
2025-10-22 11:27:11,USDT,1.0,0.02,182495403232.0
2025-10-22 11:27:11,BNB,1067.55,0.19,148583017108.0
2025-10-22 11:27:11,XRP,2.39,1.28,143857668637.0
2025-10-22 11:27:11,SOL,184.34,0.15,100777548996.0
2025-10-22 11:27:11,USDC,1.0,0.05,76857376764.0
2025-10-22 11:27:11,TRX,0.3225,1.28,30530002830.0
2025-10-22 11:27:11,DOGE,0.1918,0.91,29053917942.0
2025-10-22 11:27:11,ADA,0.6362,0.91,22808873970.0
2025-10-22 11:27:11,LINK,17.6,0.93,11940943393.0
2025-10-22 11:27:11,HYPE,34.69,2.67,11682895858.0
2025-10-22 11:27:11,USDe,0.9995,0.05,11232950771.0
2025-10-22 11:27:11,XLM,0.3115,1.13,9972818180.0
2025-10-22 11:27:11,BCH,477.45,2.31,9521601618.0
2025-10-22 11:27:11,SUI,2.41,2.69,8762429273.0
2025-10-22 11:27:11,AVAX,19.42,0.76,8286158511.0
2025-10-22 11:27:11,LEO,8.96,0.13,8267769419.0
2025-10-22 11:27:11,HBAR,0.1705,0.33,7232087134.0
2025-10-22 11:27:11,LTC,92.5,0.09,7070194270.0
2025-10-22 11:52:19,BTC,108195.5,0.4,2157520100964.0
2025-10-22 11:52:19,ETH,3860.78,0.14,466395110701.0
2025-10-22 11:52:19,USDT,1.0,0.01,182514498108.0
2025-10-22 11:52:19,BNB,1068.15,0.05,148666070385.0
2025-10-22 11:52:19,XRP,2.4,0.38,144370425443.0
2025-10-22 11:52:19,SOL,184.55,0.45,100887129377.0
2025-10-22 11:52:19,USDC,1.0,0.01,76831679232.0
2025-10-22 11:52:19,TRX,0.3232,1.46,30599388071.0
2025-10-22 11:52:19,DOGE,0.1917,0.79,29045427232.0
2025-10-22 11:52:19,ADA,0.6367,0.6,22828019457.0
2025-10-22 11:52:19,LINK,17.59,0.58,11933427619.0
2025-10-22 11:52:19,HYPE,34.89,1.98,11747221962.0
2025-10-22 11:52:19,USDe,0.9996,0.04,11234029215.0
2025-10-22 11:52:19,XLM,0.3118,0.86,9981336785.0
2025-10-22 11:52:19,BCH,478.3,2.69,9538399684.0
2025-10-22 11:52:19,SUI,2.42,2.18,8792579850.0
2025-10-22 11:52:19,AVAX,19.45,0.27,8299437193.0
2025-10-22 11:52:19,LEO,8.95,0.18,8264619623.0
2025-10-22 11:52:19,HBAR,0.1707,0.81,7240538565.0
2025-10-22 11:52:19,LTC,92.73,0.54,7088041899.0
2025-10-22 11:58:02,BTC,108177.72,0.11,2156263566782.0
2025-10-22 11:58:02,ETH,3859.64,0.52,465645110691.0
2025-10-22 11:58:02,USDT,1.0,0.03,182514748615.0
2025-10-22 11:58:02,BNB,1067.41,0.29,148563753012.0
2025-10-22 11:58:02,XRP,2.4,0.72,144244999768.0
2025-10-22 11:58:02,SOL,184.41,0.13,100810836329.0
2025-10-22 11:58:02,USDC,0.9997,0.02,76807846676.0
2025-10-22 11:58:02,TRX,0.3233,1.48,30609040027.0
2025-10-22 11:58:02,DOGE,0.1915,1.05,29007287925.0
2025-10-22 11:58:02,ADA,0.6359,0.84,22798050385.0
2025-10-22 11:58:02,LINK,17.57,0.96,11919593225.0
2025-10-22 11:58:02,HYPE,34.8,2.21,11719919020.0
2025-10-22 11:58:02,USDe,0.9996,0.03,11233754414.0
2025-10-22 11:58:02,XLM,0.3114,1.18,9967405992.0
2025-10-22 11:58:02,BCH,477.8,2.47,9528488871.0
2025-10-22 11:58:02,SUI,2.42,2.53,8781016383.0
2025-10-22 11:58:02,AVAX,19.44,0.43,8294491370.0
2025-10-22 11:58:02,LEO,8.96,0.17,8266521683.0
2025-10-22 11:58:02,HBAR,0.1705,0.48,7233365012.0
2025-10-22 11:58:02,LTC,92.6,0.26,7078045927.0
2025-10-22 12:02:16,BTC,108343.53,0.33,2159268530400.0
2025-10-22 12:02:16,ETH,3867.12,0.35,466547726181.0
2025-10-22 12:02:16,USDT,1.0,0.04,182537692431.0
2025-10-22 12:02:16,BNB,1068.04,0.46,148650572400.0
2025-10-22 12:02:16,XRP,2.4,1.12,144393817239.0
2025-10-22 12:02:16,SOL,184.6,0.1,100915759937.0
2025-10-22 12:02:16,USDC,1.0,0.06,76866405249.0
2025-10-22 12:02:16,TRX,0.3235,1.36,30632183101.0
2025-10-22 12:02:16,DOGE,0.1917,1.34,29038966202.0
2025-10-22 12:02:16,ADA,0.6366,1.12,22824256199.0
2025-10-22 12:02:16,LINK,17.58,1.29,11926790793.0
2025-10-22 12:02:16,HYPE,34.9,2.66,11752798559.0
2025-10-22 12:02:16,USDe,0.9998,0.06,11235789429.0
2025-10-22 12:02:16,XLM,0.3117,1.41,9978212032.0
2025-10-22 12:02:16,BCH,477.61,2.18,9524723558.0
2025-10-22 12:02:16,SUI,2.42,2.86,8785547083.0
2025-10-22 12:02:16,AVAX,19.47,0.75,8308523176.0
2025-10-22 12:02:16,LEO,8.96,0.16,8267839787.0
2025-10-22 12:02:16,HBAR,0.171,0.38,7253284435.0
2025-10-22 12:02:16,LTC,92.62,0.08,7080099356.0
2025-10-22 12:04:56,BTC,108301.7,0.27,2160693347115.0
2025-10-22 12:04:56,ETH,3863.11,0.49,466868324268.0
2025-10-22 12:04:56,USDT,1.0,0.03,182527280103.0
2025-10-22 12:04:56,BNB,1069.44,0.27,148845802013.0
2025-10-22 12:04:56,XRP,2.4,0.98,144507936454.0
2025-10-22 12:04:56,SOL,184.77,0.08,101011910861.0
2025-10-22 12:04:56,USDC,0.9999,0.0,76825661207.0
2025-10-22 12:04:56,TRX,0.3235,1.36,30628646351.0
2025-10-22 12:04:56,DOGE,0.192,1.06,29080067741.0
2025-10-22 12:04:56,ADA,0.6373,0.96,22850639358.0
2025-10-22 12:04:56,LINK,17.61,0.93,11943359251.0
2025-10-22 12:04:56,HYPE,35.04,2.1,11799566815.0
2025-10-22 12:04:56,USDe,0.9997,0.05,11234220996.0
2025-10-22 12:04:56,XLM,0.3121,1.26,9989468202.0
2025-10-22 12:04:56,BCH,478.47,2.42,9541903348.0
2025-10-22 12:04:56,SUI,2.42,2.6,8800752727.0
2025-10-22 12:04:56,AVAX,19.49,0.62,8316088139.0
2025-10-22 12:04:56,LEO,8.96,0.16,8267926492.0
2025-10-22 12:04:56,HBAR,0.1713,0.66,7265345755.0
2025-10-22 12:04:56,LTC,92.72,0.25,7087394093.0
2025-10-22 12:07:17,BTC,108311.22,0.26,2158893066748.0
2025-10-22 12:07:17,ETH,3865.49,0.54,466272218975.0
2025-10-22 12:07:17,USDT,1.0,0.01,182488745733.0
2025-10-22 12:07:17,BNB,1068.5,0.37,148714723635.0
2025-10-22 12:07:17,XRP,2.4,1.18,144302223873.0
2025-10-22 12:07:17,SOL,184.34,0.27,100776598463.0
2025-10-22 12:07:17,USDC,0.9998,0.01,76812536293.0
2025-10-22 12:07:17,TRX,0.3232,1.18,30602273831.0
2025-10-22 12:07:17,DOGE,0.1916,1.27,29025513032.0
2025-10-22 12:07:17,ADA,0.6361,1.2,22807881206.0
2025-10-22 12:07:17,LINK,17.56,1.13,11913854019.0
2025-10-22 12:07:17,HYPE,34.68,3.11,11678424115.0
2025-10-22 12:07:17,USDe,0.9996,0.04,11233162353.0
2025-10-22 12:07:17,XLM,0.3115,1.55,9973009557.0
2025-10-22 12:07:17,BCH,478.42,2.33,9540859393.0
2025-10-22 12:07:17,SUI,2.41,2.93,8772952908.0
2025-10-22 12:07:17,AVAX,19.46,0.9,8300913606.0
2025-10-22 12:07:17,LEO,8.96,0.18,8266978673.0
2025-10-22 12:07:17,HBAR,0.1708,0.35,7246965992.0
2025-10-22 12:07:17,LTC,92.62,0.19,7079351368.0
2025-10-22 12:14:05,BTC,108301.22,0.24,2159519252065.0
2025-10-22 12:14:05,ETH,3868.36,0.56,466559116842.0
2025-10-22 12:14:05,USDT,1.0,0.01,182506377822.0
2025-10-22 12:14:05,BNB,1069.45,0.35,148847761227.0
2025-10-22 12:14:05,XRP,2.4,1.11,144389949206.0
2025-10-22 12:14:05,SOL,184.82,0.11,101035909334.0
2025-10-22 12:14:05,USDC,0.9998,0.03,76817741268.0
2025-10-22 12:14:05,TRX,0.3233,1.05,30608841139.0
2025-10-22 12:14:05,DOGE,0.1916,1.32,29030270701.0
2025-10-22 12:14:05,ADA,0.636,1.25,22804068414.0
2025-10-22 12:14:05,LINK,17.57,1.25,11914281786.0
2025-10-22 12:14:05,HYPE,34.7,3.27,11684608585.0
2025-10-22 12:14:05,USDe,0.9996,0.05,11233790187.0
2025-10-22 12:14:05,XLM,0.3115,1.51,9972652671.0
2025-10-22 12:14:05,BCH,478.26,2.27,9537760200.0
2025-10-22 12:14:05,SUI,2.41,2.99,8772898859.0
2025-10-22 12:14:05,AVAX,19.45,0.91,8300489034.0
2025-10-22 12:14:05,LEO,8.96,0.18,8267033458.0
2025-10-22 12:14:05,HBAR,0.171,0.44,7254451307.0
2025-10-22 12:14:05,LTC,92.62,0.15,7079850527.0
2025-10-22 12:18:15,BTC,108097.25,0.15,2155256079565.0
2025-10-22 12:18:15,ETH,3865.48,0.49,466557292979.0
2025-10-22 12:18:15,USDT,1.0,0.01,182482651544.0
2025-10-22 12:18:15,BNB,1071.4,0.26,149118955184.0
2025-10-22 12:18:15,XRP,2.4,1.01,144515732415.0
2025-10-22 12:18:15,SOL,184.75,0.24,100998234525.0
2025-10-22 12:18:15,USDC,0.9998,0.02,76812425586.0
2025-10-22 12:18:15,TRX,0.3233,1.02,30610717078.0
2025-10-22 12:18:15,DOGE,0.1916,1.19,29030275731.0
2025-10-22 12:18:15,ADA,0.6366,1.05,22824720938.0
2025-10-22 12:18:15,LINK,17.55,1.58,11906162766.0
2025-10-22 12:18:15,HYPE,34.75,3.14,11701231331.0
2025-10-22 12:18:15,USDe,0.9996,0.03,11233897626.0
2025-10-22 12:18:15,XLM,0.3119,1.46,9985588009.0
2025-10-22 12:18:15,BCH,478.28,2.22,9538013529.0
2025-10-22 12:18:15,SUI,2.42,2.88,8790976532.0
2025-10-22 12:18:15,AVAX,19.5,0.77,8321512757.0
2025-10-22 12:18:15,LEO,8.96,0.17,8267078290.0
2025-10-22 12:18:15,HBAR,0.1714,0.53,7269618592.0
2025-10-22 12:18:15,LTC,92.78,0.06,7091577823.0
2025-10-22 12:21:25,BTC,108099.43,0.06,2155299593791.0
2025-10-22 12:21:25,ETH,3865.59,0.48,466644031152.0
2025-10-22 12:21:25,USDT,1.0,0.03,182526963867.0
2025-10-22 12:21:25,BNB,1071.94,0.06,149193680862.0
2025-10-22 12:21:25,XRP,2.4,0.96,144383541689.0
2025-10-22 12:21:25,SOL,184.7,0.18,100972684284.0
2025-10-22 12:21:25,USDC,0.9999,0.0,76820274497.0
2025-10-22 12:21:25,TRX,0.3233,1.03,30614135753.0
2025-10-22 12:21:25,DOGE,0.1916,1.19,29019860226.0
2025-10-22 12:21:25,ADA,0.6367,1.05,22827887088.0
2025-10-22 12:21:25,LINK,17.56,1.56,11908937211.0
2025-10-22 12:21:25,HYPE,34.78,3.01,11711926101.0
2025-10-22 12:21:25,USDe,0.9997,0.04,11228185488.0
2025-10-22 12:21:25,XLM,0.3116,1.48,9974519357.0
2025-10-22 12:21:25,BCH,477.46,2.21,9521725963.0
2025-10-22 12:21:25,SUI,2.42,2.86,8782127154.0
2025-10-22 12:21:25,AVAX,19.48,0.7,8312875189.0
2025-10-22 12:21:25,LEO,8.96,0.17,8266950781.0
2025-10-22 12:21:25,HBAR,0.1709,0.4,7249266072.0
2025-10-22 12:21:25,LTC,92.76,0.09,7090280932.0
2025-10-22 12:27:04,BTC,108074.78,0.0,2155643337171.0
2025-10-22 12:27:04,ETH,3860.36,0.75,466597749485.0
2025-10-22 12:27:04,USDT,1.0,0.01,182478467180.0
2025-10-22 12:27:04,BNB,1072.02,0.08,149204252247.0
2025-10-22 12:27:04,XRP,2.4,0.96,144392711849.0
2025-10-22 12:27:04,SOL,184.68,0.2,100961356905.0
2025-10-22 12:27:04,USDC,0.9997,0.01,76806232334.0
2025-10-22 12:27:04,TRX,0.3233,1.01,30607440569.0
2025-10-22 12:27:04,DOGE,0.1916,1.18,29023522544.0
2025-10-22 12:27:04,ADA,0.6364,1.07,22818142593.0
2025-10-22 12:27:04,LINK,17.54,1.65,11896863112.0
2025-10-22 12:27:04,HYPE,34.82,2.92,11724654952.0
2025-10-22 12:27:04,USDe,0.9996,0.02,11226120933.0
2025-10-22 12:27:04,XLM,0.3114,1.56,9969733979.0
2025-10-22 12:27:04,BCH,477.71,2.25,9526684956.0
2025-10-22 12:27:04,SUI,2.42,2.93,8780613217.0
2025-10-22 12:27:04,AVAX,19.48,0.8,8311943517.0
2025-10-22 12:27:04,LEO,8.96,0.18,8265164820.0
2025-10-22 12:27:04,HBAR,0.1708,0.36,7246710835.0
2025-10-22 12:27:04,LTC,92.72,0.04,7087076497.0
2025-10-22 12:35:11,BTC,108053.5,0.08,2154047662004.0
2025-10-22 12:35:11,ETH,3855.17,0.87,466076238018.0
2025-10-22 12:35:11,USDT,1.0,0.01,182506879053.0
2025-10-22 12:35:11,BNB,1070.65,0.38,149014151641.0
2025-10-22 12:35:11,XRP,2.4,1.15,144298620065.0
2025-10-22 12:35:11,SOL,184.42,0.08,100818416469.0
2025-10-22 12:35:11,USDC,0.9998,0.01,76817500940.0
2025-10-22 12:35:11,TRX,0.3231,0.94,30594072106.0
2025-10-22 12:35:11,DOGE,0.1914,1.43,28995921907.0
2025-10-22 12:35:11,ADA,0.6358,1.32,22794585855.0
2025-10-22 12:35:11,LINK,17.53,2.03,11887267636.0
2025-10-22 12:35:11,HYPE,34.81,3.53,11720325952.0
2025-10-22 12:35:11,USDe,0.9995,0.02,11225507606.0
2025-10-22 12:35:11,XLM,0.3112,1.75,9962639600.0
2025-10-22 12:35:11,BCH,477.44,2.03,9521303643.0
2025-10-22 12:35:11,SUI,2.41,3.22,8768598511.0
2025-10-22 12:35:11,AVAX,19.44,1.18,8293174730.0
2025-10-22 12:35:11,LEO,8.95,0.18,8262513172.0
2025-10-22 12:35:11,HBAR,0.1707,0.04,7241091630.0
2025-10-22 12:35:11,LTC,92.61,0.4,7078736836.0
2025-10-22 12:37:23,BTC,108040.18,0.12,2154437713858.0
2025-10-22 12:37:23,ETH,3845.63,0.99,464161893106.0
2025-10-22 12:37:23,USDT,1.0,0.02,182515673643.0
2025-10-22 12:37:23,BNB,1070.94,0.26,149054657335.0
2025-10-22 12:37:23,XRP,2.4,1.11,144250039542.0
2025-10-22 12:37:23,SOL,184.05,0.11,100616291087.0
2025-10-22 12:37:23,USDC,0.9999,0.01,76824898393.0
2025-10-22 12:37:23,TRX,0.3231,0.99,30591365850.0
2025-10-22 12:37:23,DOGE,0.1914,1.31,28988820158.0
2025-10-22 12:37:23,ADA,0.6356,1.26,22788855319.0
2025-10-22 12:37:23,LINK,17.51,1.84,11878281581.0
2025-10-22 12:37:23,HYPE,34.8,3.05,11717472188.0
2025-10-22 12:37:23,USDe,0.9995,0.01,11225761043.0
2025-10-22 12:37:23,XLM,0.3112,1.65,9961037833.0
2025-10-22 12:37:23,BCH,477.22,2.05,9517021351.0
2025-10-22 12:37:23,SUI,2.41,3.15,8765825384.0
2025-10-22 12:37:23,AVAX,19.43,1.14,8288709072.0
2025-10-22 12:37:23,LEO,8.95,0.17,8263248305.0
2025-10-22 12:37:23,HBAR,0.1707,0.21,7242020721.0
2025-10-22 12:37:23,LTC,92.6,0.24,7078120147.0
2025-10-22 12:58:00,BTC,107925.13,0.04,2151917192314.0
2025-10-22 12:58:00,ETH,3859.39,0.81,465628653454.0
2025-10-22 12:58:00,USDT,1.0,0.03,182517118184.0
2025-10-22 12:58:00,BNB,1069.36,0.12,148834636135.0
2025-10-22 12:58:00,XRP,2.4,1.13,144092768482.0
2025-10-22 12:58:00,SOL,184.33,0.16,100771100227.0
2025-10-22 12:58:00,USDC,1.0,0.02,76809082127.0
2025-10-22 12:58:00,TRX,0.3229,0.86,30574676412.0
2025-10-22 12:58:00,DOGE,0.1914,1.33,28989576091.0
2025-10-22 12:58:00,ADA,0.6355,1.13,22785055058.0
2025-10-22 12:58:00,LINK,17.59,1.72,11928199916.0
2025-10-22 12:58:00,HYPE,34.68,3.09,11676368347.0
2025-10-22 12:58:00,USDe,0.9995,0.03,11212843650.0
2025-10-22 12:58:00,XLM,0.3109,1.56,9952598826.0
2025-10-22 12:58:00,BCH,477.51,1.75,9522776324.0
2025-10-22 12:58:00,SUI,2.41,3.41,8745924231.0
2025-10-22 12:58:00,AVAX,19.42,1.3,8286873765.0
2025-10-22 12:58:00,LEO,8.95,0.18,8260985474.0
2025-10-22 12:58:00,HBAR,0.1703,0.06,7223767183.0
2025-10-22 12:58:00,LTC,92.64,0.32,7081566105.0
2025-10-22 12:58:32,BTC,107925.13,0.04,2151917192314.0
2025-10-22 12:58:32,ETH,3859.39,0.81,465628653454.0
2025-10-22 12:58:32,USDT,1.0,0.03,182518307319.0
2025-10-22 12:58:32,BNB,1069.36,0.12,148834636135.0
2025-10-22 12:58:32,XRP,2.4,1.13,144092768482.0
2025-10-22 12:58:32,SOL,184.23,0.12,100713083780.0
2025-10-22 12:58:32,USDC,1.0,0.02,76805980214.0
2025-10-22 12:58:32,TRX,0.3228,0.88,30562376146.0
2025-10-22 12:58:32,DOGE,0.1914,1.33,28989576091.0
2025-10-22 12:58:32,ADA,0.6354,1.08,22780884813.0
2025-10-22 12:58:32,LINK,17.59,1.48,11929340141.0
2025-10-22 12:58:32,HYPE,34.68,3.09,11676368347.0
2025-10-22 12:58:32,USDe,0.9995,0.03,11212843650.0
2025-10-22 12:58:32,XLM,0.3109,1.56,9952598826.0
2025-10-22 12:58:32,BCH,477.51,1.75,9522776324.0
2025-10-22 12:58:32,SUI,2.41,3.41,8745924231.0
2025-10-22 12:58:32,AVAX,19.42,1.3,8286873765.0
2025-10-22 12:58:32,LEO,8.95,0.18,8260985474.0
2025-10-22 12:58:32,HBAR,0.1703,0.06,7223767183.0
2025-10-22 12:58:32,LTC,92.64,0.32,7081566105.0
2025-10-22 13:05:48,BTC,108013.33,0.02,2152551177899.0
2025-10-22 13:05:48,ETH,3861.93,0.79,465897351577.0
2025-10-22 13:05:48,USDT,1.0,0.03,182517118184.0
2025-10-22 13:05:48,BNB,1070.4,0.14,148978741787.0
2025-10-22 13:05:48,XRP,2.4,1.14,144128969690.0
2025-10-22 13:05:48,SOL,184.33,0.19,100771789557.0
2025-10-22 13:05:48,USDC,1.0,0.02,76809082127.0
2025-10-22 13:05:48,TRX,0.3229,0.77,30574825306.0
2025-10-22 13:05:48,DOGE,0.1914,1.35,28996131403.0
2025-10-22 13:05:48,ADA,0.6355,1.13,22784993127.0
2025-10-22 13:05:48,LINK,17.59,1.77,11928411881.0
2025-10-22 13:05:48,HYPE,34.68,3.32,11677789543.0
2025-10-22 13:05:48,USDe,0.9996,0.04,11213222185.0
2025-10-22 13:05:48,XLM,0.3109,1.59,9952150620.0
2025-10-22 13:05:48,BCH,477.51,1.96,9522649778.0
2025-10-22 13:05:48,SUI,2.41,3.62,8742391213.0
2025-10-22 13:05:48,AVAX,19.43,1.38,8291453524.0
2025-10-22 13:05:48,LEO,8.95,0.19,8260289920.0
2025-10-22 13:05:48,HBAR,0.1702,0.12,7218482726.0
2025-10-22 13:05:48,LTC,92.72,0.22,7087022985.0
2025-10-22 13:08:13,BTC,108016.48,0.11,2154103664568.0
2025-10-22 13:08:13,ETH,3859.96,0.92,466117189526.0
2025-10-22 13:08:13,USDT,1.0,0.05,182529999590.0
2025-10-22 13:08:13,BNB,1071.2,0.25,149091132704.0
2025-10-22 13:08:13,XRP,2.4,1.09,144229877888.0
2025-10-22 13:08:13,SOL,184.34,0.2,100773651879.0
2025-10-22 13:08:13,USDC,1.0,0.05,76829527389.0
2025-10-22 13:08:13,TRX,0.323,0.78,30578658350.0
2025-10-22 13:08:13,DOGE,0.1915,1.41,29018200935.0
2025-10-22 13:08:13,ADA,0.6359,1.19,22798866146.0
2025-10-22 13:08:13,LINK,17.58,1.8,11925102229.0
2025-10-22 13:08:13,HYPE,34.74,3.15,11698492118.0
2025-10-22 13:08:13,USDe,0.9997,0.05,11214620574.0
2025-10-22 13:08:13,XLM,0.3111,1.52,9960095012.0
2025-10-22 13:08:13,BCH,477.98,1.9,9532047182.0
2025-10-22 13:08:13,SUI,2.41,3.8,8742170629.0
2025-10-22 13:08:13,AVAX,19.44,1.33,8295806076.0
2025-10-22 13:08:13,LEO,8.95,0.18,8261065102.0
2025-10-22 13:08:13,HBAR,0.1703,0.05,7224631414.0
2025-10-22 13:08:13,LTC,92.78,0.14,7092143471.0
2025-10-22 13:08:29,BTC,108100.56,0.03,2155323798549.0
2025-10-22 13:08:29,ETH,3859.96,0.92,466117189526.0
2025-10-22 13:08:29,USDT,1.0,0.05,182529999590.0
2025-10-22 13:08:29,BNB,1071.2,0.25,149091132704.0
2025-10-22 13:08:29,XRP,2.4,1.2,144135935562.0
2025-10-22 13:08:29,SOL,184.46,0.27,100841140212.0
2025-10-22 13:08:29,USDC,0.9997,0.0,76772470296.0
2025-10-22 13:08:29,TRX,0.3226,0.65,30542213779.0
2025-10-22 13:08:29,DOGE,0.1915,1.41,29018200935.0
2025-10-22 13:08:29,ADA,0.6358,1.22,22794253394.0
2025-10-22 13:08:29,LINK,17.58,2.1,11926334595.0
2025-10-22 13:08:29,HYPE,34.74,3.15,11698492118.0
2025-10-22 13:08:29,USDe,0.9997,0.05,11214620574.0
2025-10-22 13:08:29,XLM,0.3111,1.52,9960095012.0
2025-10-22 13:08:29,BCH,477.98,1.9,9532047182.0
2025-10-22 13:08:29,SUI,2.41,3.8,8742170629.0
2025-10-22 13:08:29,AVAX,19.44,1.33,8295806076.0
2025-10-22 13:08:29,LEO,8.95,0.18,8261065102.0
2025-10-22 13:08:29,HBAR,0.1703,0.05,7224631414.0
2025-10-22 13:08:29,LTC,92.78,0.14,7092143471.0
